爾,ジ・ニ・なんじ・しかり・その・のみ・おれ・しか,you; thou; second person
紗,サ・シャ・うすぎぬ,gauze; gossamer
勺,シャク,ladle; one tenth of a go; dip
竣,ドウ・シュン・わらわ・わらべ・おわ.る,end; finish
恕,ジョ・ショ・ゆる.す,excuse; tolerate; forgive
捷,ショウ・ソウ・はや.い,victory; fast
梢,ショウ・こずえ・くすのき,treetops; twig
菖,ショウ,iris
丞,ジョウ・ショウ・すく.う・たす.ける,help
錘,スイ・つむ・おもり,weight; plumb bob; sinker; spindle
嵩,スウ・シュウ・かさ・かさ.む・たか.い,be aggravated; grow worse; grow bulky; swell
碩,セキ・おお.きい,large; great; eminent
銑,セン,pig iron
脹,チョウ・は.れる・ふく.らむ・ふく.れる,dilate; distend; bulge; fill out; swell
紬,チュウ・つむぎ・つむ.ぐ,pongee (a knotted silk cloth)
凪,なぎ・な.ぐ,lull; calm; (kokuji)
捺,ナツ・ダツ・さ.す・お.す,press; print; affix a seal; stamp
柊,シュ・シュウ・ひいらぎ,holly
楓,フウ・かえで,maple
蕗,ロ・ル・ふき,butterbur; bog rhubarb
柾,まさ・まさめ・まさき,straight grain; spindle tree; (kokuji)
亦,エキ・ヤク・また,also; again
麿,まろ,I; you; (kokuji)
椋,リョウ・むく,type of deciduous tree; grey starling
匁,もんめ・め,monme; 3.75 grams; (kokuji)
耶,ヤ・ジャ・か,question mark
宥,ユウ・なだ.める・ゆる.す,soothe; calm; pacify
蓉,ヨウ,lotus
諒,リョウ・あきら.か・まことに,fact; reality; understand; appreciate
琳,リン,jewel; tinkling of jewelry
麟,リン,Chinese unicorn; genius; giraffe; bright; shining
伶,レイ・リョウ・わざおぎ,actor
侑,ユウ・ウ・すす.める・たす.ける,urge to eat
勁,ケイ・つよ.い,strong
奎,ケイ・キ,star; god of literature
崚,リョウ,mountains towering in a row
昴,コウ・ボウ・すばる,the Pleiades
晏,アン・おそ.い,late; quiet; sets (sun)
晨,シン・あした・とき・あさ,morning; early
晟,セイ・ジョウ・あきらか,clear
栞,カン・しおり,bookmark; guidebook
椰,ヤ・やし,coconut tree
洵,ジュン・シュン・の.ぶ・まこと.に,alike; truth
滉,コウ・ひろ.い,deep and broad
澪,レイ・みお,water route; shipping channel
燎,リョウ・かがりび,burn; bonfire
燿,ヨウ・かがや.く・ひかり,shine
瑶,ヨウ・たま,beautiful as a jewel
眸,ボウ・ム・ひとみ,pupil of the eye
笙,ショウ・ソウ・ふえ,a reed instrument
綸,リン・カン・いと,thread; silk cloth
茉,マツ・バツ・マ,jasmine
莉,リ・ライ・レイ,jasmine
菫,キン・すみれ,the violet
詢,ジュン・シュン・はか.る・まこと,consult with
諄,シュン・ひちくど.い・くど.い・くどくど・ねんご.ろ,tedious
迪,テキ・みち・みちび.く・すす.む・いた.る,edify; way; path
頌,ショウ・ジュ・ヨウ・かたち・たた.える・ほめ.る,eulogy
颯,サツ・ソウ・さっ.と,sudden; quick; sound of the wind
凜,リン・きびし.い,cold; strict; severe
熙,キ・たのし.む・ひか.る・ひろ.い・よろこ.ぶ・かわ.く・あきらか・ひろ.める・ひろ.まる,bright; sunny; prosperous; merry
屯,トン・たむろ,barracks; police station; camp; ton
姻,イン,matrimony; marry
擬,ギ・まが.い・もど.き,mimic; aim (a gun) at; nominate; imitate
塀,ヘイ・ベイ,fence; wall; (kokuji)
唇,シン・くちびる,lips
睦,ボク・モク・むつ.まじい・むつ.む・むつ.ぶ,intimate; friendly; harmonious
閑,カン,leisure
幽,ユウ・ふか.い・かす.か・くら.い・しろ.い,seclude; confine to a room; deep; profound; secluded; faint; dark; tranquil; calm
曹,ソウ・ゾウ,office; official; comrade; fellow
詠,エイ・よ.む・うた.う,recitation; poem; song; composing
卑,ヒ・いや.しい・いや.しむ・いや.しめる,lowly; base; vile; vulgar
侮,ブ・あなど.る・あなず.る,scorn; despise; make light of; contempt
鋳,チュウ・イ・シュ・シュウ・い.る,casting; mint
抹,マツ,rub; paint; erase
尉,イ・ジョウ,military officer; jailer; old man; rank
隷,レイ・したが.う・しもべ,slave; servant; prisoner; criminal; follower
禍,カ・わざわい,calamity; misfortune; evil; curse
酪,ラク,dairy products; whey; broth; fruit juice
茎,ケイ・キョウ・くき,stalk; stem
帥,スイ,commander; leading troops; governor
逝,セイ・ゆ.く・い.く,departed; die
匿,トク・かくま.う,hide; shelter; shield
襟,キン・えり,collar; neck; lapel; one's inner feelings
蛍,ケイ・ほたる,lightning-bug; firefly
寡,カ,widow; minority; few
痢,リ,diarrhea
庸,ヨウ,commonplace; ordinary; employment
坑,コウ,pit; hole
藍,ラン・あい,indigo
賊,ゾク,burglar; rebel; traitor; robber
搾,サク・しぼ.る,squeeze
畔,ハン・あぜ・くろ・ほとり,paddy ridge; levee
唄,バイ・うた・うた.う,song; ballad
孔,コウ・ク・あな,cavity; hole; slit; very; great; exceedingly
呂,ロ・リョ・せぼね,spine; backbone
拷,ゴウ,torture; beat
嬢,ジョウ・むすめ,lass; girl; Miss; daughter
渓,ケイ・たに・たにがわ,mountain stream; valley
翁,オウ・おきな,venerable old man
廉,レン,bargain; reason; charge; suspicion; point; account; purity; honest; low price; cheap; rested; contented; peaceful
謹,キン・つつし.む,discreet; reverently; humbly
瞳,ドウ・トウ・ひとみ,pupil (of eye)
湧,ユウ・ヨウ・ユ・わ.く,boil; ferment; seethe; uproar; breed
窯,ヨウ・かま,kiln; oven; furnace
褒,ホウ・ほ.める,praise; extol
醜,シュウ・みにく.い・しこ,ugly; unclean; shame; bad looking
升,ショウ・ます,measuring box; 1.8 liter
殉,ジュン,martyrdom; follow by resigning
煩,ハン・ボン・わずら.う・わずら.わす・うるさ.がる・うるさ.い,anxiety; trouble; worry; pain; ill; annoy; nuisance; irksome
劾,ガイ,censure; criminal investigation
堕,ダ・お.ちる・くず.す・くず.れる,degenerate; descend to; lapse into
租,ソ,tariff; crop tax; borrowing
桟,サン・セン・かけはし,scaffold; cleat; frame; jetty; bolt (door)
婿,セイ・むこ,bridegroom; son-in-law
慕,ボ・した.う,pining; yearn for; love dearly; adore
罷,ヒ・まか.り~・や.める,quit; stop; leave; withdraw; go
矯,キョウ・た.める,rectify; straighten; correct; reform; cure; control; pretend; falsify
某,ボウ・それがし・なにがし,so-and-so; one; a certain; that person
囚,シュウ・とら.われる,captured; criminal; arrest; catch
虹,コウ・にじ,rainbow
泌,ヒツ・ヒ,ooze; flow; soak in; penetrate; secrete
漸,ゼン・ようや.く・やや・ようよ.う・すす.む,steadily; gradually advancing; finally; barely
蚊,ブン・か,mosquito
厄,ヤク,unlucky; misfortune; bad luck; disaster
藻,ソウ・も,seaweed; duckweed
嫡,チャク・テキ,legitimate wife; direct descent (non-bastard)
嚇,カク・おど.す,menacing; dignity; majesty; threaten
凸,トツ・でこ,convex; beetle brow; uneven
韻,イン,rhyme; elegance; tone
霜,ソウ・しも,frost
硝,ショウ,nitrate; saltpeter
勅,チョク・いまし.める・みことのり,imperial order
棺,カン,coffin; casket
儒,ジュ,Confucian
愁,シュウ・うれ.える・うれ.い,distress; grieve; lament; be anxious
楼,ロウ・たかどの,watchtower; lookout; high building
眉,ビ・ミ・まゆ,eyebrow
薪,シン・たきぎ・まき,fuel; firewood; kindling
褐,カツ,brown; woollen kimono
賜,シ・たまわ.る・たま.う・たも.う,grant; gift; boon; results
繕,ゼン・つくろ.う,darning; repair; mend; trim; tidy up; adjust
栓,セン,plug; bolt; cork; bung; stopper
凹,オウ・くぼ.む・へこ.む・ぼこ,concave; hollow; sunken
艶,エン・つや・なま.めかしい・あで.やか・つや.めく・なま.めく,glossy; luster; glaze; polish; charm; colorful; captivating
錬,レン・ね.る,tempering; refine; drill; train; polish
衷,チュウ,inmost; heart; mind; inside
逐,チク,pursue; drive away; chase; accomplish; attain; commit
斥,セキ・しりぞ.ける,reject; retreat; recede; withdraw; repel; repulse
詔,ショウ・みことのり,imperial edict
憧,ショウ・トウ・ドウ・あこが.れる,yearn after; long for; aspire to; admire; adore
宵,ショウ・よい,wee hours; evening; early night
妄,モウ・ボウ・みだ.りに,delusion; unnecessarily; without authority; reckless
酌,シャク・く.む,bar-tending; serving sake; the host; draw (water); ladle; scoop; pump
頒,ハン・わか.つ,distribute; disseminate; partition; understand
肢,シ,limb; arms & legs
謄,トウ,mimeograph; copy
嗣,シ,heir; succeed
畝,ボウ・ホ・モ・ム・せ・うね,furrow; thirty tsubo; ridge; rib
抄,ショウ,extract; selection; summary; copy; spread thin
爽,ソウ・あき.らか・さわ.やか・たがう,refreshing; bracing; resonant; sweet; clear
惰,ダ,lazy; laziness
蛮,バン・えびす,barbarian
旺,オウ・キョウ・ゴウ・かがや.き・うつくし.い・さかん,flourishing; successful; beautiful; vigorous
壱,イチ・イツ・ひとつ,one (in documents)
瑠,ル・リュウ,lapis lazuli
侯,コウ,marquis; lord; daimyo
弧,コ,arc; arch; bow
附,フ・つ.ける・つ.く,affixed; attach; refer to; append
但,タン・ただ.し,however; but
芋,ウ・いも,potato
婆,バ・ばば・ばあ,old woman; grandma; wet nurse
倣,ホウ・なら.う,emulate; imitate
倹,ケン・つま.しい・つづまやか,frugal; economy; thrifty
繭,ケン・まゆ・きぬ,cocoon
謁,エツ,audience; audience (with king)
箇,カ・コ,counter for articles
且,ショ・ソ・ショウ・か.つ,moreover; also; furthermore
伎,ギ・キ・わざ・わざおぎ,deed; skill
斤,キン,axe; 1.32 lb; catty; counter for loaves of bread; axe radical (no. 69)
虞,グ・おそれ・おもんぱか.る・はか.る・うれ.える・あざむ.く・あやま.る・のぞ.む・たの.しむ,fear; uneasiness; anxiety; concern; expectation; consideration
墾,コン・は.る・ひら.く,ground-breaking; open up farmland
采,サイ・と.る・いろどり,dice; form; appearance; take; gather; coloring
爵,シャク,baron; peerage; court rank
遵,ジュン,abide by; follow; obey; learn
塑,ソ・でく,model; molding
汰,タ・タイ・おご.る・にご.る・よな.げる,washing; sieving; filtering; weeding out; luxury
旦,タン・ダン・あき.らか・あきら・ただし・あさ・あした,daybreak; dawn; morning
朕,チン,majestic plural; imperial we
痘,トウ,pox; smallpox
弐,ニ・ジ・ふた.つ・そえ,II; two; second
賦,フ・ブ,levy; ode; prose; poem; tribute; installment
丙,ヘイ・ひのえ,third class; 3rd; 3rd calendar sign
耗,モウ・コウ,decrease
冶,ヤ・い.る,melting; smelting
濫,ラン・みだ.りに・みだ.りがましい,excessive; overflow; spread out
吏,リ,officer; an official
璃,リ,glassy; lapis lazuli
瞭,リョウ・あきらか,clear
伊,イ・かれ,Italy; that one
智,チ,wisdom; intellect; reason
弘,コウ・グ・ひろ.い,vast; broad; wide
彦,ゲン・ひこ,lad; boy (ancient)
阿,ア・オ・おもね.る・くま,Africa; flatter; fawn upon; corner; nook; recess
李,リ・すもも,plum
浩,コウ・おおき.い・ひろ.い,wide expanse; abundance; vigorous
宏,コウ・ひろ.い,wide; large
之,シ・の・これ・ゆく・この,of; this
昌,ショウ・さかん,prosperous; bright; clear
靖,セイ・ジョウ・やす.んじる,peaceful
也,ヤ・エ・なり・か・また,to be (classical)
旭,キョク・あさひ,rising sun; morning sun
磯,キ・いそ,seashore; beach
聡,ソウ・さと.い・みみざと.い,wise; fast learner
曙,ショ・あけぼの,dawn; daybreak
萩,シュウ・はぎ,bush clover
栗,リツ・リ・くり・おののく,chestnut
嘉,カ・よみ.する・よい,applaud; praise; esteem; happy; auspicious
辰,シン・ジン・たつ,sign of the dragon; 7-9AM; fifth sign of Chinese zodiac; shin dragon radical (no. 161)
霞,カ・ゲ・かすみ・かす.む,be hazy; grow dim; blurred
淳,ジュン・シュン・あつ.い,pure
鳩,キュウ・ク・はと・あつ.める,pigeon; dove
桂,ケイ・かつら,Japanese Judas-tree; cinnamon tree
晋,シン・すす.む,advance
晃,コウ・あきらか,clear
桐,トウ・ドウ・きり,paulownia
鷹,ヨウ・オウ・たか,hawk
猪,チョ・い・いのしし,boar
紘,コウ・おおづな・つな・つなぐ,large
庄,ショウ・ソ・ソウ・ホウ,level; in the country; manor; village; hamlet
敦,トン・タイ・ダン・チョウ・あつ.い,industry; kindliness
祐,ユウ・ウ・たす.ける,help
鵬,ホウ・おおとり,phoenix
亘,コウ・カン・セン・わた.る・もと.める,span; range; extend over
笹,ささ,bamboo grass; (kokuji)
綾,リン・あや,design; figured cloth; twill
毅,キ・ギ・つよ.い,strong
稔,ネン・ジン・ニン・みの.る・みのり,harvest; ripen
楊,ヨウ・やなぎ,willow
駿,シュン・スン・すぐ.れる,a good horse; speed; a fast person
亮,リョウ・あきらか,clear; help
椿,チン・チュン・つばき,camellia
圭,ケイ・ケ,square jewel; corner; angle; edge
蓮,レン・はす・はちす,lotus
瑞,ズイ・スイ・みず~・しるし,congratulations
伍,ゴ・いつつ,five; five-man squad; file; line
蘭,ラン・ラ,orchid; Holland
秦,シン・はた,Manchu dynasty; name given to naturalized foreigners
茅,ボウ・ミョウ・かや・ちがや,miscanthus reed
輔,ホ・フ・たす.ける,help
郁,イク,cultural progress; perfume
楠,ナン・ダン・ゼン・ネン・くす・くすのき,camphor tree
玲,レイ,sound of jewels
翔,ショウ・かけ.る・と.ぶ,soar; fly
肇,チョウ・ジョウ・トウ・はじ.める・はじめ,beginning
亨,コウ・キョウ・ホウ・とお.る,pass through; go smoothly
嶺,レイ・リョウ・みね,peak; summit
喬,キョウ・たか.い,high; boasting
寅,イン・とら,sign of the tiger; 3-5AM; third sign of Chinese zodiac
乃,ナイ・ダイ・ノ・アイ・の・すなわ.ち・なんじ,from; possessive particle; whereupon; accordingly
洲,シュウ・ス・しま,continent; sandbar; island; country
樺,カ・かば・かんば,birch; dark red
槙,テン・シン・まき・こずえ,twig; ornamental evergreen
巌,ガン・いわ・いわお・けわ.しい,rock; crag; boulder
胡,ウ・コ・ゴ・なんぞ,barbarian; foreign
峻,シュン・けわ.しい・たか.い,high; steep
槻,キ・つき,Zelkova tree
蝶,チョウ,butterfly
琢,タク・みが.く,polish
蕉,ショウ,banana; plantain
琉,リュウ・ル,precious stone; gem; lapis lazuli
朋,ホウ・とも,companion; friend
遼,リョウ,distant
橘,キツ・たちばな,mandarin orange
漱,ソウ・シュウ・ス・くちすす.ぐ・くちそそ.ぐ・うがい・すす.ぐ,gargle; rinse mouth
苑,エン・オン・その・う.つ,garden; farm; park
巽,ソン・たつみ,southeast
杜,ト・トウ・ズ・もり・ふさ.ぐ・やまなし,woods; grove
欣,キン・ゴン・コン・よろこ.ぶ・よろこ.び,take pleasure in; rejoice
巴,ハ・ともえ・うずまき,comma-design
禎,テイ・さいわ.い,happiness; blessed; good fortune; auspicious
稜,リョウ・ロウ・いつ・かど,angle; edge; corner; power; majesty
倭,ワ・イ・やまと・したが.う,Yamato; ancient Japan
斐,ヒ・イ,beautiful; patterned
魁,カイ・さきがけ・かしら,charging ahead of others
鴻,コウ・ゴウ・おおとり・ひしくい・おおがり,large bird; wild goose; large; great; powerful; prosperous
於,オ・ヨ・おい.て・お.ける・ああ・より,at; in; on; as for
赳,キュウ,strong and brave
葵,キ・あおい,hollyhock
禄,ロク・さいわ.い・ふち,fief; allowance; pension; grant; happiness
孟,モウ・ボウ・ミョウ・かしら,chief; beginning
尭,ギョウ・たか.い,high; far
巳,シ・み,sign of the snake or serpent; 9-11AM; sixth sign of Chinese zodiac
暢,チョウ・のび.る,stretch
芹,キン・せり,parsley
杏,キョウ・アン・コウ・あんず,apricot
鳳,ホウ・フウ,male mythical bird
馨,ケイ・キョウ・かお.る・かおり,fragrant; balmy; favourable
慧,ケイ・エ・さとい,wise
彬,ヒン・フン・うるわ.しい・あき.らか,refined; gentle
匡,キョウ・オウ・すく.う,correct; save; assist
欽,キン・コン・つつし.む,respect; revere; long for
嵯,サ・シ,steep; craggy; rugged
綜,ソウ・おさ.める・す.べる,rule; synthesize
翠,スイ・かわせみ・みどり,green; kingfisher
鮎,デン・ネン・あゆ・なまず,freshwater trout; smelt
榛,シン・ハン・はしばみ・はり,hazelnut; filbert
惣,ソウ・すべ.て,all
蔦,チョウ・つた,vine; ivy
隼,シュン・ジュン・はやぶさ,falcon
渚,ショ・なぎさ,strand; beach; shore
稀,キ・ケ・まれ・まばら,rare; phenomenal; dilute (acid)
芙,フ,lotus; Mt Fuji
皐,コウ・さつき,swamp; shore
雛,スウ・ス・ジュ・ひな・ひよこ,chick; squab; duckling; doll
惟,イ・ユイ・おも.んみる・これ・おも.うに,consider; reflect; think
佑,ユウ・ウ・たす.ける,help; assist
耀,ヨウ・かがや.く・ひかり,shine; sparkle; gleam; twinkle
黛,タイ・まゆずみ,blackened eyebrows
渥,アク・あつ.い・うるお.う,kindness; moisten
惇,シュン・ジュン・トン・あつ.い,sincere; kind; considerate
脩,シュウ・おさ.める・なが.い・ほじし,dried meat
甫,ホ・フ・はじ.めて,for the first time; not until
嬉,キ・うれ.しい・たの.しむ,glad; pleased; rejoice
蒼,ソウ・あお.い,blue; pale
暉,キ・かが.やく,shine; light
只,シ・ただ,only; free; in addition
檀,ダン・タン・まゆみ,cedar; sandlewood; spindle tree
凱,ガイ・カイ・かちどき・やわらぐ,victory song
彗,スイ・エ・ケイ・セイ・ほうき,comet
梓,シ・あずさ,catalpa tree; woodblock printing
丑,チュウ・うし,sign of the ox or cow; 1-3AM; second sign of Chinese zodiac
叶,キョウ・かな.える・かな.う,grant; answer
汐,セキ・しお・うしお・せい,eventide; tide; salt water; opportunity
絢,ケン,brilliant fabric design
朔,サク・ついたち,conjunction (astronomy); first day of month; north
伽,カ・ガ・キャ・ギャ・とぎ,nursing; attending; entertainer
黎,レイ・リ・くろ.い,dark; black; many
冴,ゴ・コ・さ.える・こお.る・ひ.える,be clear; serene; cold; skilful
萌,ホウ・も.える・きざ.す・めばえ・きざ.し,show symptoms of; sprout; bud; malt
偲,サイ・シ・しの.ぶ,recollect; remember
允,イン・じょう・まこと.に・ゆるす,license; sincerity; permit
蒔,シ・ジ・う.える・ま.く,sow (seeds)
鯉,リ・こい,carp
遥,ヨウ・はる.か,far off; distant; long ago
舜,シュン,type of morning glory; rose of Sharon; althea
瑛,エイ,sparkle of jewelry; crystal
彪,ヒョウ・ヒュウ・あや,spotted; mottled; patterned; small tiger
卯,ボウ・モウ・う,sign of the hare or rabbit; fourth sign of Chinese zodiac; 5-7AM; east
綺,キ・あや,figured cloth; beautiful
茜,セン・あかね,madder; red dye; Turkey red
凌,リョウ・しの.ぐ,endure; keep (rain)out; stave off; tide over; defy; slight; surpass
皓,コウ・しろ.い・ひか.る,white; clear
洸,コウ,sparkling water
毬,キュウ・いが・まり,burr; ball
緋,ヒ・あけ・あか,scarlet; cardinal
鯛,チョウ・たい,sea bream; red snapper
怜,レイ・レン・リョウ・あわ.れむ・さと.い,wise
邑,ユウ・むら,village; rural community; right village radical (no. 163)
碧,ヘキ・ヒャク,blue; green
啄,タク・ツク・トク・ついば.む・つつ.く,peck; pick up
穣,ジョウ・わら・ゆたか,good crops; prosperity; 10**28
酉,ユウ・とり,west; bird; sign of the bird; 5-7PM; tenth sign of Chinese zodiac; sake radical (no. 164)
悌,テイ・ダイ,serving our elders
柚,ユ・ユウ・ジク・ゆず,citron
亥,ガイ・カイ・い,sign of the hog; 9-11PM; twelfth sign of the Chinese zodiac
胤,イン・たね,descendent; issue; offspring
叡,エイ・あき.らか,intelligence; imperial
茄,カ,eggplant
侃,カン・つよ.い,strong; just; righteous; peace-loving
莞,カン・い,smiling; reed used to cover tatami
誼,ギ・よしみ・よい,friendship; intimacy
鞠,キク・キュウ・まり,ball
衿,キン・コン・えり,neck; collar; lapel
玖,キュウ・ク,beautiful black jewel; nine
袈,ケ・カ,a coarse camlet
絃,ゲン・いと,string; cord; samisen music
梧,ゴ・あおぎり,Chinese parasol tree; phoenix tree
瑚,コ・ゴ,ancestral offering receptacle; coral
倖,コウ・しあわ.せ・さいわ.い,happiness; luck
昂,コウ・ゴウ・あ.がる・たか.い・たか.ぶる,rise
瑳,サ・みが.く,polish; brilliant white luster of a gem; artful smile
裟,サ・シャ,Buddhist surplice
哉,サイ・かな・や,how; what; alas; question mark; exclamation mark
燦,サン・さん.たる・あき.らか・きらめ.く・きら.めく,brilliant
尽,ジン・サン・つ.くす・~つ.くす・~づ.くし・~つ.く・~づ.く・~ず.く・つ.きる・つ.かす・さかづき・ことごと.く・つか・つき,exhaust; use up; run out of; deplete; befriend; serve
僕,ボク・しもべ,me; I (male); servant; manservant
滑,カツ・コツ・すべ.る・なめ.らか,slippery; slide; slip; flunk
孤,コ,orphan; alone
炎,エン・ほのお,inflammation; flame; blaze
賠,バイ,compensation; indemnify
頑,ガン・かたく,stubborn; foolish; firmly
鎖,サ・くさり・とざ.す,chain; irons; connection
彩,サイ・いろど.る,coloring; paint; makeup
摩,マ・ま.する・さす.る・す.る,chafe; rub; polish; grind; scrape
励,レイ・はげ.む・はげ.ます,encourage; be diligent; inspire
輝,キ・かがや.く,radiance; shine; sparkle; gleam; twinkle
蓄,チク・たくわ.える,amass; raise; hoard; store
軸,ジク,axis; pivot; stem; stalk; counter for book scrolls
巡,ジュン・めぐ.る・めぐ.り,patrol; go around; circumference
稼,カ・かせ.ぐ,earnings; work; earn money
瞬,シュン・またた.く・まじろ.ぐ,wink; blink; twinkle
砲,ホウ,cannon; gun
噴,フン・ふ.く,erupt; spout; emit; flush out
誇,コ・ほこ.る,boast; be proud; pride; triumphantly
祥,ショウ・さいわ.い・きざ.し・よ.い・つまび.らか,auspicious; happiness; blessedness; good omen; good fortune
牲,セイ,animal sacrifice; offering
秩,チツ,regularity; salary; order
帝,テイ・みかど,sovereign; the emperor; god; creator
唆,サ・そそ.る・そそのか.す,tempt; seduce; instigate; promote
阻,ソ・はば.む,thwart; separate from; prevent; obstruct; deter; impede
泰,タイ,peaceful; calm; peace; easy; Thailand; extreme; excessive; great
賄,ワイ・まかな.う,bribe; board; supply; finance
撲,ボク,slap; strike; hit; beat; tell; speak
堀,クツ・ほり,ditch; moat; canal
菊,キク,chrysanthemum
絞,コウ・しぼ.る・し.める・し.まる,strangle; constrict; wring
縁,エン・~ネン・ふち・ふちど.る・ゆかり・よすが・へり・えにし,affinity; relation; connection; edge; border; verge; brink
唯,ユイ・イ・ただ,solely; only; merely; simply
膨,ボウ・ふく.らむ・ふく.れる,swell; get fat; thick
耐,タイ・た.える,-proof; enduring
塾,ジュク,cram school; private school
漏,ロウ・も.る・も.れる・も.らす,leak; escape; time
慶,ケイ・よろこ.び,jubilation; congratulate; rejoice; be happy
猛,モウ,fierce; rave; rush; become furious; wildness; strength
芳,ホウ・かんば.しい,perfume; balmy; favorable; fragrant
懲,チョウ・こ.りる・こ.らす・こ.らしめる,penal; chastise; punish; discipline
剣,ケン・つるぎ,sabre; sword; blade; clock hand
彰,ショウ,patent; clear
棋,キ・ご,chess piece; Japanese chess; shogi
恒,コウ・つね・つねに,constancy; always
揚,ヨウ・あ.げる・~あ.げ・あ.がる,raise; elevate; hoist; praise; extol; fry in deep fat
冒,ボウ・おか.す,risk; face; defy; dare; damage; assume (a name)
倫,リン,ethics; companion
陳,チン・ひ.ねる,exhibit; state; relate; explain
憶,オク,recollection; think; remember
潜,セン・ひそ.む・もぐ.る・かく.れる・くぐ.る・ひそ.める,submerge; conceal; hide; lower (voice); hush
梨,リ・なし,pear tree
克,コク・か.つ,overcome; kindly; skillfully
岳,ガク・たけ,point; peak; mountain
概,ガイ・おおむ.ね,outline; condition; approximation; generally
拘,コウ・かか.わる,arrest; seize; concerned; adhere to; despite
黙,モク・ボク・だま.る・もだ.す,silence; become silent; stop speaking; leave as is
須,ス・シュ・すべから.く・すべし・ひげ・まつ・もち.いる・もと.める,ought; by all means; necessarily
偏,ヘン・かたよ.る,partial; side; left-side radical; inclining; biased
雰,フン,atmosphere; fog
遇,グウ・あ.う,meet; encounter; interview; treat; entertain; receive; deal with
諮,シ・はか.る,consult with
狭,キョウ・コウ・せま.い・せば.める・せば.まる・さ,cramped; narrow; contract; tight
卓,タク,eminent; table; desk; high
亀,キ・キュウ・キン・かめ,tortoise; turtle
糧,リョウ・ロウ・かて,provisions; food; bread
簿,ボ,register; record book
炉,ロ・いろり,hearth; furnace; kiln; reactor
殊,シュ・こと,particularly; especially; exceptionally
殖,ショク・ふ.える・ふ.やす,augment; increase; multiply; raise
艦,カン,warship
輩,ハイ・~ばら・やから・やかい・ともがら,comrade; fellow; people; companions
奇,キ・く.しき・あや.しい・くし・めずら.しい,strange; strangeness; curiosity
慢,マン,ridicule; laziness
鶴,カク・つる,crane; stork
謀,ボウ・ム・はか.る・たばか.る・はかりごと,conspire; cheat; impose on; plan; devise; scheme; have in mind; deceive
拍,ハク・ヒョウ,clap; beat (music)
寛,カン・くつろ.ぐ・ひろ.い・ゆる.やか,tolerant; leniency; generosity; relax; feel at home; be at ease; broadminded
覆,フク・おお.う・くつがえ.す・くつがえ.る,capsize; cover; shade; mantle; be ruined
胞,ホウ,placenta; sac; sheath
隔,カク・へだ.てる・へだ.たる,isolate; alternate; distance; separate; gulf
浄,ジョウ・セイ・きよ.める・きよ.い,clean; purify; cleanse; exorcise; Manchu Dynasty
没,ボツ・モツ・おぼ.れる・しず.む・ない,drown; sink; hide; fall into; disappear; die
暇,カ・ひま・いとま,spare time; rest; leisure; time; leave of absence
貞,テイ・さだ,upright; chastity; constancy; righteousness
鑑,カン・かんが.みる・かがみ,specimen; take warning from; learn from
陰,イン・かげ・かげ.る,shade; yin; negative; sex organs; secret; shadow
銘,メイ,inscription; signature (of artisan)
随,ズイ・まにま.に・したが.う,follow; though; notwithstanding; while; during; both; all; obey; submit to; comply; at the mercy of (the waves)
烈,レツ・はげ.しい,ardent; violent; vehement; furious; severe; extreme
尋,ジン・たず.ねる・ひろ,inquire; fathom; look for
稿,コウ・わら・したがき,draft; copy; manuscript; straw
丹,タン・に,rust-colored; red; red lead; pills; sincerity
啓,ケイ・ひら.く・さと.す,disclose; open; say
丘,キュウ・おか,hill; knoll
棟,トウ・むね・むな~,ridgepole; ridge
壌,ジョウ・つち,lot; earth; soil
漫,マン・みだり.に・そぞ.ろ,cartoon; involuntarily; unrestrained; in spite of oneself; corrupt
玄,ゲン・くろ・くろ.い,mysterious; occultness; black; deep; profound
粘,ネン・ねば.る,sticky; glutinous; greasy; persevere
悟,ゴ・さと.る,enlightenment; perceive; discern; realize; understand
舗,ホ,shop; store; pave
妊,ニン・ジン・はら.む・みごも.る,pregnancy
騰,トウ・あが.る・のぼ.る,leaping up; jumping up; rising; advancing; going
遂,スイ・と.げる・つい.に,consummate; accomplish; attain; commit (suicide)
狂,キョウ・くる.う・くる.おしい・くるお.しい,lunatic; insane; crazy; confuse
岐,キ・ギ,branch off; fork in road; scene; arena; theater
緯,イ・よこいと・ぬき,horizontal; woof; left & right; (parallels of) latitude; prediction
培,バイ・つちか.う,cultivate; foster
衰,スイ・おとろ.える,decline; wane; weaken
艇,テイ,rowboat; small boat
屈,クツ・かが.む・かが.める,yield; bend; flinch; submit
淡,タン・あわ.い,thin; faint; pale; fleeting
抽,チュウ・ひき~,pluck; pull; extract; excel
披,ヒ,expose; open
廷,テイ,courts; imperial court; government office
錦,キン・にしき,brocade; fine dress; honors
准,ジュン,quasi-; semi-; associate
奨,ショウ・ソウ・すす.める,exhort; urge; encourage
浸,シン・ひた.す・ひた.る,immersed; soak; dip; steep; moisten; wet; dunk
剰,ジョウ・あまつさえ・あま.り・あま.る,surplus; besides
胆,タン・きも,gall bladder; courage; pluck; nerve
繊,セン,slender; fine; thin kimono
駒,ク・こま,pony; horse; colt
虚,キョ・コ・むな.しい・うつ.ろ,void; emptiness; unpreparedness; crack; fissure; untruth
霊,レイ・リョウ・たま,spirits; soul
悔,カイ・く.いる・く.やむ・くや.しい,repent; regret
諭,ユ・さと.す,rebuke; admonish; charge; warn; persuade
惨,サン・ザン・みじ.め・いた.む・むご.い,wretched; disaster; cruelty; harsh
虐,ギャク・しいた.げる,tyrannize; oppress
翻,ホン・ハン・ひるがえ.る・ひるがえ.す,flip; turn over; wave; flutter; change (mind)
墜,ツイ・お.ちる・お.つ,crash; fall (down)
沼,ショウ・ぬま,marsh; lake; bog; swamp; pond
据,キョ・す.える・す.わる,set; lay a foundation; install; equip; squat down; sit down
徐,ジョ・おもむ.ろに,gradually; slowly; deliberately; gently
搭,トウ,board; load (a vehicle); ride
盾,ジュン・たて,shield; escutcheon; pretext
滝,ロウ・ソウ・たき,waterfall; rapids; cascade
軌,キ,rut; wheel; track; model; way of doing
妨,ボウ・さまた.げる,disturb; prevent; hamper; obstruct
擦,サツ・す.る・す.れる・~ず.れ・こす.る・こす.れる,grate; rub; scratch; scrape; chafe; scour
鯨,ゲイ・くじら,whale
荘,ソウ・ショウ・チャン・ほうき・おごそ.か,villa; inn; cottage; feudal manor; solemn; dignified
諾,ダク,consent; assent; agreement
雷,ライ・かみなり・いかずち・いかづち,thunder; lightning bolt
漂,ヒョウ・ただよ.う,drift; float (on liquid)
懐,カイ・エ・ふところ・なつ.かしい・なつ.かしむ・なつ.く・なつ.ける・なず.ける・いだ.く・おも.う,pocket; feelings; heart; yearn; miss someone; become attached to; bosom; breast
勘,カン,intuition; perception; check; compare; sixth sense
栽,サイ,plantation; planting
拐,カイ,kidnap; falsify
駄,ダ・タ,burdensome; pack horse; horse load; send by horse; trivial; worthless
添,テン・そ.える・そ.う,annexed; accompany; marry; suit; meet; satisfy; attach; append; garnish; imitate
冠,カン・かんむり,crown; best; peerless
斜,シャ・なな.め・はす,diagonal; slanting; oblique
浪,ロウ,wandering; waves; billows; reckless; unrestrained
亜,ア・つ.ぐ,Asia; rank next; come after; -ous
詐,サ・いつわ.る,lie; falsehood; deceive; pretend
壇,ダン・タン,podium; stage; rostrum; terrace
勲,クン・いさお,meritorious deed; merit
魔,マ,witch; demon; evil spirit
酬,シュウ・シュ・トウ・むく.いる,repay; reward; retribution
紫,シ・むらさき,purple; violet
紋,モン,family crest; figures
卸,シャ・おろ.す・おろし・おろ.し,wholesale
欄,ラン・てすり,column; handrail; blank; space
逸,イツ・そ.れる・そ.らす・はぐ.れる,deviate; idleness; leisure; miss the mark; evade; elude; parry; diverge
涯,ガイ・はて,horizon; shore; limit; bound
拓,タク・ひら.く,clear (the land); open; break up (land)
獄,ゴク,prison; jail
尚,ショウ・なお,esteem; furthermore; still; yet
彫,チョウ・ほ.る・~ぼ.り,carve; engrave; chisel
穏,オン・おだ.やか,calm; quiet; moderation
顕,ケン・あきらか・あらわ.れる,appear; existing
巧,コウ・たく.み・たく.む・うま.い,adroit; skilled; ingenuity
矛,ム・ボウ・ほこ,halberd; arms; festival float
垣,エン・かき,hedge; fence; wall
欺,ギ・あざむ.く,deceit; cheat; delude
釣,チョウ・つ.る・つ.り・つ.り~,angling; fish; catch; allure; ensnare
粛,シュク・スク・つつし.む,solemn; quietly; softly
愚,グ・おろ.か,foolish; folly; absurdity; stupid
遭,ソウ・あ.う・あ.わせる,encounter; meet; party; association; interview; join
架,カ・か.ける・か.かる,erect; frame; mount; support; shelf; construct
鬼,キ・おに・おに~,ghost; devil
庶,ショ,commoner; all; bastard
稚,チ・ジ・いとけない・おさない・おくて・おでる,immature; young
滋,ジ・シ,nourishing; more & more; be luxuriant; planting; turbidity
幻,ゲン・まぼろし,phantasm; vision; dream; illusion; apparition
煮,シャ・に.る・~に・に.える・に.やす,boil; cook
姫,キ・ひめ・ひめ~,princess
誓,セイ・ちか.う,vow; swear; pledge
把,ハ・ワ,grasp; faggot; bunch; counter for bundles
践,セン・ふ.む,tread; step on; trample; practice; carry through
呈,テイ,display; offer; present; send; exhibit
疎,ソ・ショ・うと.い・うと.む・まば.ら,alienate; rough; neglect; shun; sparse; penetrate
仰,ギョウ・コウ・あお.ぐ・おお.せ・お.っしゃる・おっしゃ.る,face-up; look up; depend; seek; respect; rever; drink; take
剛,ゴウ,sturdy; strength
疾,シツ・はや.い,rapidly
征,セイ,subjugate; attack the rebellious; collect taxes
砕,サイ・くだ.く・くだ.ける,smash; break; crush; familiar; popular
謡,ヨウ・うた.い・うた.う,song; sing; ballad; noh chanting
嫁,カ・よめ・とつ.ぐ・い.く・ゆ.く,marry into; bride
謙,ケン・へりくだ.る,self-effacing; humble oneself; condescend; be modest
嘆,タン・なげ.く・なげ.かわしい,sigh; lament; moan; grieve; sigh of admiration
菌,キン,germ; fungus; bacteria
鎌,レン・ケン・かま,sickle; scythe; trick
頻,ヒン・しき.りに,repeatedly; recur
琴,キン・こと,harp; koto
棚,ホウ・たな・~だな,shelf; ledge; rack; mount; mantle; trellis
酷,コク・ひど.い,cruel; severe; atrocious; unjust
宰,サイ,superintend; manager; rule
廊,ロウ,corridor; hall; tower
寂,ジャク・セキ・さび・さび.しい・さび.れる・さみ.しい,loneliness; quietly; mellow; mature; death of a priest
伏,フク・ふ.せる・ふ.す,prostrated; bend down; bow; cover; lay (pipes)
碁,ゴ,Go
俗,ゾク,vulgar; customs; manners; worldliness; mundane things
漠,バク,vague; obscure; desert; wide
邪,ジャ・よこし.ま,wicked; injustice; wrong
晶,ショウ,sparkle; clear; crystal
墨,ボク・すみ,black ink; India ink; ink stick; Mexico
鎮,チン・しず.める・しず.まる・おさえ,tranquilize; ancient peace-preservation centers
洞,ドウ・ほら,den; cave; excavation
履,リ・は.く,perform; complete; footgear; shoes; boots; put on (the feet)
劣,レツ・おと.る,inferiority; be inferior to; be worse
那,ナ・ダ・なに・なんぞ・いかん,what?
殴,オウ・なぐ.る,assault; hit; beat; thrash
娠,シン,with child; pregnancy
奉,ホウ・ブ・たてまつ.る・まつ.る・ほう.ずる,observance; offer; present; dedicate
憂,ユウ・うれ.える・うれ.い・う.い・う.き,melancholy; grieve; lament; be anxious; sad; unhappy
朴,ボク・ほう・ほお・えのき,crude; simple; plain; docile
亭,テイ・チン,pavilion; restaurant; mansion; arbor; cottage; vaudeville; music hall; stage name
怪,カイ・ケ・あや.しい・あや.しむ,suspicious; mystery; apparition
酔,スイ・よ.う・よ.い・よ,drunk; feel sick; poisoned; elated; spellbound
惜,セキ・お.しい・お.しむ,pity; be sparing of; frugal; stingy; regret
穫,カク,harvest; reap
佳,カ,excellent; beautiful; good; pleasing; skilled
潤,ジュン・うるお.う・うるお.す・うる.む,wet; be watered; profit by; receive benefits; favor; charm; steep
悼,トウ・いた.む,lament; grieve over
乏,ボウ・とぼ.しい・とも.しい,destitution; scarce; limited
該,ガイ,above-stated; the said; that specific
赴,フ・おもむ.く,proceed; get; become; tend
桑,ソウ・くわ,mulberry
髄,ズイ,marrow; pith; essence
虎,コ・とら,tiger; drunkard
盆,ボン,basin; lantern festival; tray
穂,スイ・ほ,ear; ear (grain); head; crest (wave)
壮,ソウ・さかん,robust; manhood; prosperity
堤,テイ・つつみ,dike; bank; embankment
飢,キ・う.える,hungry; starve
傍,ボウ・かたわ.ら・わき・おか~・はた・そば,bystander; side; besides; while; nearby; third person
疫,エキ・ヤク,epidemic
累,ルイ,accumulate; involvement; trouble; tie up; continually
痴,チ・し.れる・おろか,stupid; foolish
搬,ハン,conveyor; carry; transport
癒,ユ・い.える・いや.す・い.やす,healing; cure; quench (thirst); wreak
郭,カク・くるわ,enclosure; quarters; fortification; red-light district
尿,ニョウ・ゆばり・いばり・しと,urine
凶,キョウ,villain; evil; bad luck; disaster
吐,ト・は.く・つ.く,spit; vomit; belch; confess; tell (lies)
宴,エン・うたげ,banquet; feast; party
賓,ヒン,V.I.P.; guest
虜,リョ・ロ・とりこ・とりく,captive; barbarian; low epithet for the enemy
陶,トウ・すえ,pottery; porcelain
鐘,ショウ・かね,bell; gong; chimes
憾,カン・うら.む,remorse; regret; be sorry
弥,ミ・ビ・いや・や・あまねし・いよいよ・とおい・ひさし・ひさ.しい・わた.る,all the more; increasingly
昆,コン,descendants; elder brother; insect
粗,ソ・あら.い・あら~,coarse; rough; rugged
訂,テイ・ただ.す,revise; correct; decide
傘,サン・かさ,umbrella
騎,キ,equestrian; riding on horses; counter for equestrians
寧,ネイ・むし.ろ,rather; preferably; peaceful; quiet; tranquility
循,ジュン,sequential; follow
忍,ニン・しの.ぶ・しの.ばせる,endure; bear; put up with; conceal; secrete; spy; sneak
怠,タイ・おこた.る・なま.ける,neglect; laziness
如,ジョ・ニョ・ごと.し,likeness; like; such as; as if; better; best; equal
寮,リョウ,dormitory; hostel; villa; tea pavillion
鉛,エン・なまり,lead
珠,シュ・たま,pearl; gem; jewel
凝,ギョウ・こ.る・こ.らす・こご.らす・こご.らせる・こご.る,congeal; freeze; stiff; be absorbed in
苗,ビョウ・ミョウ・なえ・なわ~,seedling; sapling; shoot
獣,ジュウ・けもの・けだもの,animal; beast
哀,アイ・あわ.れ・あわ.れむ・かな.しい,pathetic; grief; sorrow; pathos; pity; sympathize
跳,チョウ・は.ねる・と.ぶ・~と.び,hop; leap up; spring; jerk; prance; buck; splash; sputter; snap
匠,ショウ・たくみ,artisan; workman; carpenter
蛇,ジャ・ダ・イ・ヤ・へび,snake; serpent; hard drinker
澄,チョウ・す.む・す.ます・~す.ます,lucidity; be clear; clear; clarify; settle; strain; look grave
縫,ホウ・ぬ.う,sew; stitch; embroider
僧,ソウ,Buddhist priest; monk
眺,チョウ・なが.める,stare; watch; look at; see; scrutinize
呉,ゴ・く.れる・くれ,give; do something for; kingdom of Wu
凡,ボン・ハン・およ.そ・おうよ.そ・すべ.て,commonplace; ordinary; mediocre
憩,ケイ・いこ.い・いこ.う,recess; rest; relax; repose
媛,エン・ひめ,beautiful woman; princess
溝,コウ・みぞ,gutter; ditch; sewer; drain; 10**32
恭,キョウ・うやうや.しい,respect; reverent
刈,ガイ・カイ・か.る,reap; cut; clip; trim; prune
睡,スイ・ねむ.る・ねむ.い,drowsy; sleep; die
錯,サク・シャク,confused; mix; be in disorder
伯,ハク,chief; count; earl; uncle; Brazil
陵,リョウ・みささぎ,mausoleum; imperial tomb; mound; hill
霧,ム・ボウ・ブ・きり,fog; mist
魂,コン・たましい・たま,soul; spirit
弊,ヘイ,abuse; evil; vice; breakage
妃,ヒ・きさき,queen; princess
舶,ハク,liner; ship
餓,ガ・う.える,starve; hungry; thirst
窮,キュウ・キョウ・きわ.める・きわ.まる・きわ.まり・きわ.み,hard up; destitute; suffer; perplexed; cornered
掌,ショウ・てのひら・たなごころ,manipulate; rule; administer; conduct; palm of hand
麗,レイ・うるわ.しい・うら.らか,lovely; beautiful; graceful; resplendent
臭,シュウ・くさ.い・~くさ.い・にお.う・にお.い,stinking; ill-smelling; suspicious looking; odor; savor; fragrance; be fragrant; stink; glow; be bright
悦,エツ・よろこ.ぶ・よろこ.ばす,ecstasy; joy; rapture
刃,ジン・ニン・は・やいば・き.る,blade; sword; edge
縛,バク・しば.る,truss; arrest; bind; tie; restrain
暦,レキ・こよみ・りゃく,calendar; almanac
宜,ギ・よろ.しい・よろ.しく,best regards; good
盲,モウ・めくら,blind; blind man; ignoramus
粋,スイ・いき,chic; style; purity; essence; pith; cream; elite; choice
辱,ジョク・はずかし.める,embarrass; humiliate; shame
轄,カツ・くさび,control; wedge
猿,エン・さる,monkey
弦,ゲン・つる,bowstring; chord; hypotenuse
窒,チツ,plug up; obstruct
炊,スイ・た.く・~だ.き,cook; boil
洪,コウ,deluge; flood; vast
摂,セツ・ショウ・おさ.める・かね.る・と.る,vicarious; surrogate; act in addition to; take in; absorb
飽,ホウ・あ.きる・あ.かす・あ.く,sated; tired of; bored; satiate
冗,ジョウ,superfluous; uselessness
桃,トウ・もも,peach
狩,シュ・か.る・か.り・~が.り,hunt; raid; gather
朱,シュ・あけ,vermilion; cinnabar; scarlet; red; bloody
渦,カ・うず,whirlpool; eddy; vortex
紳,シン,sire; good belt; gentleman
枢,スウ・シュ・とぼそ・からくり,hinge; pivot; door
碑,ヒ・いしぶみ,tombstone; monument
鍛,タン・きた.える,forge; discipline; train
鼓,コ・つづみ,drum; beat; rouse; muster
裸,ラ・はだか,naked; nude; uncovered; partially clothed
猶,ユウ・ユ・なお,furthermore; still; yet
塊,カイ・ケ・かたまり・つちくれ,clod; lump; chunk; clot; mass
旋,セン,rotation; go around
幣,ヘイ・ぬさ,cash; bad habit; humble prefix; gift; Shinto offerings of cloth; rope; cut paper
膜,マク,membrane
扇,セン・おうぎ,fan; folding fan
槽,ソウ・ふね,vat; tub; tank
慈,ジ・いつく.しむ,mercy
伐,バツ・ハツ・カ・ボチ・き.る・そむ.く・う.つ,fell; strike; attack; punish
漬,シ・つ.ける・つ.かる・~づ.け・~づけ,pickling; soak; moisten; steep
糾,キュウ・ただ.す,twist; ask; investigate; verify
墳,フン,tomb; mound
坪,ヘイ・つぼ,two-mat area; approx. thirty-six sq ft
紺,コン,dark blue; navy
娯,ゴ,recreation; pleasure
羅,ラ・うすもの,gauze; thin silk; Rome; arrange; spread out
峡,キョウ・コウ・はざま,gorge; ravine
俸,ホウ,stipend; salary
厘,リン,rin; 1/10 sen; 1/10 bu
峰,ホウ・みね・ね,summit; peak
醸,ジョウ・かも.す,brew; cause
弔,チョウ・とむら.う・とぶら.う,condolences; mourning; funeral
乙,オツ・イツ・おと~・きのと,the latter; duplicate; strange; witty; fishhook radical (no. 5)
汁,ジュウ・しる・~しる・つゆ,soup; juice; broth; sap; gravy; pus
尼,ニ・あま,nun
遍,ヘン・あまね.く,everywhere; times; widely; generally
衡,コウ,equilibrium; measuring rod; scale
薫,クン・かお.る,send forth fragrance; fragrant; be scented; smoke (tobacco)
猟,リョウ・かり・か.る,game-hunting; shooting; game; bag
款,カン,goodwill; article; section; friendship; collusion
閲,エツ・けみ.する,review; inspection; revision
偵,テイ,spy
喝,カツ,hoarse; scold
敢,カン・あ.えて・あ.えない・あ.えず,daring; brave; bold; sad; tragic; pitiful
胎,タイ,womb; uterus
酵,コウ,fermentation
憤,フン・いきどお.る,aroused; resent; be indignant; anger
豚,トン・ぶた,pork; pig
遮,シャ・さえぎ.る,intercept; interrupt; obstruct
扉,ヒ・とびら,front door; title page; front page
硫,リュウ,sulphur
赦,シャ,pardon; forgiveness
窃,セツ・ぬす.む・ひそ.か,stealth; steal; secret; private; hushed
泡,ホウ・あわ,bubbles; foam; suds; froth
又,ユウ・また・また~・また.の~,or again; furthermore; on the other hand
慨,ガイ,rue; be sad; sigh; lament
紡,ボウ・つむ.ぐ,spinning
恨,コン・うら.む・うら.めしい,regret; bear a grudge; resentment; malice; hatred
肪,ボウ,obese; fat
扶,フ・たす.ける,aid; help; assist
戯,ギ・ゲ・たわむ.れる・ざ.れる・じゃ.れる,frolic; play; sport
忌,キ・い.む・い.み・い.まわしい,mourning; abhor; detestable; death anniversary
濁,ダク・ジョク・にご.る・にご.す,voiced; uncleanness; wrong; nigori; impurity
奔,ホン・はし.る,run; bustle
斗,ト・トウ,Big Dipper; ten sho (vol); sake dipper; dots and cross radical (no. 68)
迅,ジン,swift; fast
肖,ショウ・あやか.る,resemblance
鉢,ハチ・ハツ,bowl; rice tub; pot; crown
朽,キュウ・く.ちる,decay; rot; remain in seclusion
殻,カク・コク・バイ・から・がら,husk; nut shell
享,キョウ・コウ・う.ける,enjoy; receive; undergo; answer (phone); take; get; catch
藩,ハン,clan; enclosure
沙,サ・シャ・すな・よなげる,sand
媒,バイ・なこうど,mediator; go-between
鶏,ケイ・にわとり・とり,chicken
禅,ゼン・セン・しずか・ゆず.る,Zen; silent meditation
嘱,ショク・しょく.する・たの.む,entrust; request; send a message
胴,ドウ,trunk; torso; hull (ship); hub of wheel
迭,テツ,transfer; alternation
挿,ソウ・さ.す・はさ.む,insert; put in; graft; wear (sword)
嵐,ラン・あらし,storm; tempest
椎,ツイ・スイ・つち・う.つ,chinquapin; mallet; spine
陪,バイ,obeisance; follow; accompany; attend on
剖,ボウ,divide
譜,フ,musical score; music; note; staff; table; genealogy
悠,ユウ,permanence; distant; long time; leisure
淑,シュク・しと.やか,graceful; gentle; pure
帆,ハン・ほ,sail
暁,ギョウ・キョウ・あかつき・さと.る,daybreak; dawn; in the event
傑,ケツ・すぐ.れる,greatness; excellence
奴,ド・やつ・やっこ,guy; slave; manservant; fellow
錠,ジョウ,lock; fetters; shackles
拳,ケン・ゲン・こぶし,fist
遷,セン・うつ.る・うつ.す・みやこがえ,transition; move; change
拙,セツ・つたな.い,bungling; clumsy; unskillful
侍,ジ・シ・さむらい・はべ.る,waiter; samurai; wait upon; serve
峠,とうげ,mountain peak; mountain pass; climax; crest; (kokuji)
篤,トク・あつ.い,fervent; kind; cordial; serious; deliberate
渇,カツ・かわ.く,thirst; dry up; parch
叔,シュク,uncle; youth
雌,シ・め~・めす・めん,feminine; female
堪,カン・タン・た.える・たま.る・こら.える・こた.える,withstand; endure; support; resist
叙,ジョ・つい.ず・ついで,confer; relate; narrate; describe
酢,サク・す,vinegar; sour; acid; tart
吟,ギン,versify; singing; recital
逓,テイ・かわ.る・たがいに,relay; in turn; sending
甚,ジン・はなは.だ・はなは.だしい,tremendously; very; great; exceedingly
崇,スウ・あが.める,adore; respect; revere; worship
漆,シツ・うるし,lacquer; varnish; seven
岬,コウ・みさき,headland; cape; spit; promontory
癖,ヘキ・くせ・くせ.に,mannerism; habit; vice; trait; fault; kink
愉,ユ・たの.しい・たの.しむ,pleasure; happy; rejoice
礁,ショウ,reef; sunken rock
裁,サイ・た.つ・さば.く,tailor; judge; decision; cut out (pattern)
展,テン,unfold; expand
視,シ・み.る,inspection; regard as; see; look at
株,シュ・かぶ,stocks; stump; shares; stock; counter for small plants
姿,シ・すがた,figure; form; shape
閣,カク,tower; tall building; palace
衆,シュウ・シュ・おお.い,masses; great numbers; multitude; populace
推,スイ・お.す,conjecture; infer; guess; suppose; support; push (for)
討,トウ・う.つ,chastise; attack; defeat; destroy; conquer
憲,ケン,constitution; law
激,ゲキ・はげ.しい,violent; get excited; enraged; chafe; incite
系,ケイ,lineage; system
批,ヒ,criticism; strike
盟,メイ,alliance; oath
従,ジュウ・ショウ・ジュ・したが.う・したが.える・より,accompany; obey; submit to; comply; follow; secondary; incidental; subordinate
拡,カク・コウ・ひろ.がる・ひろ.げる・ひろ.める,broaden; extend; expand; enlarge
就,シュウ・ジュ・つ.く・つ.ける,concerning; settle; take position; depart; study; per
異,イ・こと・こと.なる・け,uncommon; different; queerness; strangeness; wonderful; curious; unusual
厳,ゲン・ゴン・おごそ.か・きび.しい・いか.めしい・いつくし,stern; strictness; severity; rigidity
遺,イ・ユイ・のこ.す,bequeath; leave behind; reserve
模,モ・ボ,imitation; copy; mock
宣,セン・のたま.う,proclaim; say; announce
盛,セイ・ジョウ・も.る・さか.る・さか.ん,boom; prosper; copulate
皇,コウ・オウ,emperor
臨,リン・のぞ.む,look to; face; meet; confront; attend; call on
源,ゲン・みなもと,source; origin
創,ソウ・ショウ・つく.る・はじ.める・きず・けず.しける,genesis; wound; injury; hurt; start; originate
障,ショウ・さわ.る,hinder; hurt; harm
筋,キン・すじ,muscle; sinew; tendon; fiber; plot; plan; descent
善,ゼン・よ.い・い.い・よ.く・よし.とする,virtuous; good; goodness
密,ミツ・ひそ.か,secrecy; density (pop); minuteness; carefulness
我,ガ・われ・わ・わ.が~・わが~,ego; I; selfish; our; oneself
幕,マク・バク・とばり,curtain; bunting; act of play
染,セン・そ.める・~ぞ.め・~ぞめ・そ.まる・し.みる・~じ.みる・し.み・~し.める,dye; color; paint; stain; print
傷,ショウ・きず・いた.む・いた.める,wound; hurt; injure; impair; pain; injury; cut; gash; scar; weak point
秘,ヒ・ひ.める・ひそ.か・かく.す,secret; conceal
縮,シュク・ちぢ.む・ちぢ.まる・ちぢ.める・ちぢ.れる・ちぢ.らす,shrink; contract; shrivel; wrinkle; reduce
射,シャ・い.る・さ.す・う.つ,shoot; shine into; onto; archery
揮,キ・ふる.う,brandish; wave; wag; swing; shake
賃,チン,fare; fee; hire; rent; wages; charge
貴,キ・たっと.い・とうと.い・たっと.ぶ・とうと.ぶ,precious; value; prize; esteem; honor
納,ノウ・ナッ・ナ・ナン・トウ・おさ.める・~おさ.める・おさ.まる,settlement; obtain; reap; pay; supply; store
樹,ジュ・き,timber; trees; wood; establish; set up
至,シ・いた.る,climax; arrive; proceed; reach; attain; result in
宗,シュウ・ソウ・むね,religion; sect; denomination; main point; origin; essence
宙,チュウ,mid-air; air; space; sky; memorization; interval of time
操,ソウ・サン・みさお・あやつ.る,maneuver; manipulate; operate; steer; chastity; virginity; fidelity
誕,タン,nativity; be born; declension; lie; be arbitrary
訳,ヤク・わけ,translate; reason; circumstance; case
看,カン・み.る,watch over; see
奏,ソウ・かな.でる,play music; speak to a ruler; complete
郷,キョウ・ゴウ・さと,home town; village; native place; district
己,コ・キ・おのれ・つちのと・な,self
忠,チュウ,loyalty; fidelity; faithfulness
沿,エン・そ.う・~ぞ.い,run alongside; follow along; run along; lie along
誠,セイ・まこと,sincerity; admonish; warn; prohibit; truth; fidelity
俳,ハイ,haiku; actor
聖,セイ・ショウ・ひじり,holy; saint; sage; master; priest
潮,チョウ・しお・うしお,tide; salt water; opportunity
鋼,コウ・はがね,steel
縦,ジュウ・たて,vertical; length; height; self-indulgent; wayward
仁,ジン・ニ・ニン,humanity; virtue; benevolence; charity; man; kernel
穴,ケツ・あな,hole; aperture; slit; cave; den
暖,ダン・ノン・あたた.か・あたた.かい・あたた.まる・あたた.める,warmth
朗,ロウ・ほが.らか・あき.らか,melodious; clear; bright; serene; cheerful
肺,ハイ,lungs
熟,ジュク・う.れる,mellow; ripen; mature; acquire skill
陛,ヘイ,highness; steps (of throne)
糖,トウ,sugar
覧,ラン・み.る,perusal; see
奮,フン・ふる.う,stirred up; be invigorated; flourish
后,コウ・ゴ・きさき,empress; queen; after; behind; back; later
班,ハン,squad; corps; unit; group
寸,スン,measurement; tenth of a shaku; a little; small
磁,ジ,magnet; porcelain
垂,スイ・た.れる・た.らす・た.れ・~た.れ・なんなんと.す,droop; suspend; hang; slouch
穀,コク,cereals; grain
絹,ケン・きぬ,silk
尺,シャク,shaku; Japanese foot; measure; scale; rule
蚕,サン・テン・かいこ・こ,silkworm
企,キ・くわだ.てる・たくら.む,undertake; scheme; design; attempt; plan
藤,トウ・ドウ・ふじ,wisteria
沢,タク・さわ・うるお.い・うるお.す・つや,swamp; marsh; brilliance; grace
援,エン,abet; help; save
施,シ・セ・ほどこ.す,give; bestow; perform; alms
井,セイ・ショウ・い,well; well crib; town; community
鮮,セン・あざ.やか,fresh; vivid; clear; brilliant; Korea
監,カン,oversee; official; govt office; rule; administer
環,カン・わ,ring; circle; link; wheel
審,シン・つまび.らか・つぶさ.に,hearing; judge; trial
訴,ソ・うった.える,accusation; sue; complain of pain; appeal to
影,エイ・かげ,shadow; silhouette; phantom
撃,ゲキ・う.つ,beat; attack; defeat; conquer
佐,サ,assistant; help
核,カク,nucleus; core; kernel
融,ユウ・と.ける・と.かす,dissolve; melt
渉,ショウ・わた.る,ford; go cross; transit; ferry; import; involve
響,キョウ・ひび.く,echo; sound; resound; ring; vibrate
請,セイ・シン・ショウ・こ.う・う.ける,solicit; invite; ask
攻,コウ・せ.める,aggression; attack; criticize; polish
崎,キ・さき・さい・みさき,promontory; cape; spit
督,トク,coach; command; urge; lead; supervise
催,サイ・もよう.す・もよお.す,sponsor; hold (a meeting); give (a dinner)
及,キュウ・およ.ぶ・およ.び・および・およ.ぼす,reach out; exert; exercise; cause
離,リ・はな.れる・はな.す,detach; separation; disjoin; digress
摘,テキ・つ.む,pinch; pick; pluck; trim; clip; summarize
郎,ロウ・リョウ・おとこ,son; counter for sons
振,シン・ふ.る・ぶ.る・ふ.り・~ぶ.り・ふ.るう,shake; wave; wag; swing
献,ケン・コン・たてまつ.る,offering; counter for drinks; present; offer
維,イ,fiber; tie; rope
浜,ヒン・はま,seacoast; beach; seashore
塁,ルイ・ライ・スイ・とりで,bases; fort; rampart; walls; base(ball)
邦,ホウ・くに,home country; country; Japan
遣,ケン・つか.う・~つか.い・~づか.い・つか.わす・や.る,dispatch; despatch; send; give; donate; do; undertake
抗,コウ・あらが.う,confront; resist; defy; oppose
雄,ユウ・お~・おす・おん,masculine; male; hero; leader; superiority; excellence
緊,キン・し.める・し.まる,tense; solid; hard; reliable; tight
廃,ハイ・すた.れる・すた.る,abolish; obsolete; cessation; discarding; abandon
江,コウ・え,creek; inlet; bay
僚,リョウ,colleague; official; companion
吉,キチ・キツ・よし,good luck; joy; congratulations
踏,トウ・ふ.む・ふ.まえる,step; trample; carry through; appraise; evade payment
壊,カイ・エ・こわ.す・こわ.れる・やぶ.る,demolition; break; destroy
債,サイ,bond; loan; debt
儀,ギ,ceremony; rule; affair; case; a matter
継,ケイ・つ.ぐ・まま~,inherit; succeed; continue; patch; graft (tree)
闘,トウ・たたか.う・あらそ.う,fight; war
葬,ソウ・ほうむ.る,interment; bury; shelve
避,ヒ・さ.ける・よ.ける,evade; avoid; avert; ward off; shirk; shun
逮,タイ,apprehend; chase
迫,ハク・せま.る,urge; force; imminent; spur on
惑,ワク・まど.う,beguile; delusion; perplexity
崩,ホウ・くず.れる・~くず.れ・くず.す,crumble; die; demolish; level
聴,チョウ・テイ・き.く・ゆる.す,listen; headstrong; naughty; careful inquiry
脱,ダツ・ぬ.ぐ・ぬ.げる,undress; removing; escape from; get rid of; be left out; take off
締,テイ・し.まる・し.まり・し.める・~し.め・~じ.め,tighten; tie; shut; lock; fasten
執,シツ・シュウ・と.る,tenacious; take hold; grasp; take to heart
房,ボウ・ふさ,tassel; tuft; fringe; bunch; lock (hair); segment (orange); house; room
撤,テツ,remove; withdraw; disarm; dismantle; reject; exclude
削,サク・けず.る・はつ.る・そ.ぐ,plane; sharpen; whittle; pare; shave
措,ソ・お.く,set aside; give up; suspend; discontinue; lay aside; except
載,サイ・の.せる・の.る,ride; board; get on; place; spread; 10**44; record; publish
陣,ジン,camp; battle array; ranks; position; sudden; brief time
為,イ・ため・な.る・な.す・す.る・たり・つく.る・なり,do; change; make; benefit; welfare; be of use; reach to; try; practice; cost; serve as; good; advantage; as a result of
抑,ヨク・おさ.える,repress; well; now; in the first place; push; shove; press; seal; do in spite of
奈,ナ・ナイ・ダイ・いかん・からなし,Nara; what?
択,タク・えら.ぶ,choose; select; elect; prefer
秀,シュウ・ひい.でる,excel; excellence; beauty; surpass
徴,チョウ・チ・しるし,indications; sign; omen; symptom; collect; seek; refer to; question
弾,ダン・タン・ひ.く・~ひ.き・はず.む・たま・はじ.く・はじ.ける・ただ.す・はじ.きゆみ,bullet; twang; flip; snap
償,ショウ・つぐな.う,reparation; make up for; recompense; redeem
拠,キョ・コ・よ.る,foothold; based on; follow; therefore
拒,キョ・ゴ・こば.む,repel; refuse; reject; decline
刑,ケイ,punish; penalty; sentence; punishment
塚,チョウ・つか・~づか,hillock; mound
致,チ・いた.す,doth; do; send; forward; cause; exert; incur; engage
繰,ソウ・く.る,winding; reel; spin; turn (pages); look up; refer to
尾,ビ・お,tail; end; counter for fish; lower slope of mountain
描,ビョウ・えが.く・か.く,sketch; compose; write; draw; paint
鈴,レイ・リン・すず,small bell; buzzer
盤,バン,tray; shallow bowl; platter; tub; board; phonograph record
項,コウ・うなじ,paragraph; nape of neck; clause; item; term (expression)
喪,ソウ・も,miss; mourning
伴,ハン・バン・ともな.う,consort; accompany; bring with; companion
懸,ケン・ケ・か.ける・か.かる,state of suspension; hang; depend; consult; distant; far apart
契,ケイ・ちぎ.る,pledge; promise; vow
掲,ケイ・かか.げる,put up (a notice); put up; hoist; display; hang out; publish; describe
躍,ヤク・おど.る,leap; dance; skip
棄,キ・す.てる,abandon; throw away; discard; resign; reject; sacrifice
邸,テイ・やしき,residence; mansion
還,カン・かえ.る,send back; return
慮,リョ・おもんぱく.る・おもんぱか.る,prudence; thought; concern; consider; deliberate; fear
枠,わく,frame; framework; spindle; spool; bounding-box; (kokuji)
恵,ケイ・エ・めぐ.む・めぐ.み,favor; blessing; grace; kindness
露,ロ・ロウ・つゆ,dew; tears; expose; Russia
沖,チュウ・おき・おきつ・ちゅう.する・わく,open sea; offing; rise high into sky
緩,カン・ゆる.い・ゆる.やか・ゆる.む・ゆる.める,slacken; loosen; relax; lessen; be moderate; ease
需,ジュ,demand; request; need
購,コウ,subscription; buy
充,ジュウ・あ.てる・み.たす,allot; fill
貢,コウ・ク・みつ.ぐ,tribute; support; finance
鹿,ロク・しか・か,deer
却,キャク・かえ.って・しりぞ.く・しりぞ.ける,instead; on the contrary; rather; step back; withdraw; retreat
端,タン・はし・は・はた・~ばた・はな,edge; origin; end; point; border; verge; cape
獲,カク・え.る,seize; get; find; earn; acquire; can; may; able to
併,ヘイ・あわ.せる,join; get together; unite; collective
徹,テツ,penetrate; clear; pierce; strike home; sit up (all night)
衝,ショウ・つ.く,collide; brunt; highway; opposition (astronomy); thrust; pierce; stab; prick
焦,ショウ・こ.げる・こ.がす・こ.がれる・あせ.る,char; hurry; impatient; irritate; burn; scorch; singe
奪,ダツ・うば.う,rob; take by force; snatch away; dispossess; plunder; usurp
浦,ホ・うら,bay; creek; inlet; gulf; beach; seacoast
析,セキ,chop; divide; tear; analyze
譲,ジョウ・ゆず.る,defer; turnover; transfer; convey
称,ショウ・たた.える・とな.える・あ.げる・かな.う・はか.り・はか.る・ほめ.る,appellation; praise; admire; name; title; fame
挑,チョウ・いど.む,challenge; contend for; make love to
誘,ユウ・さそ.う・いざな.う,entice; lead; tempt; invite; ask; call for; seduce; allure
紛,フン・まぎ.れる・~まぎ.れ・まぎ.らす・まぎ.らわす・まぎ.らわしい,distract; be mistaken for; go astray; divert
促,ソク・うなが.す,stimulate; urge; press; demand; incite
慎,シン・つつし.む・つつ.ましい・つつし・つつし.み,humility; be careful; discreet; prudent
控,コウ・ひか.える・ひか.え,withdraw; draw in; hold back; refrain from; be moderate
握,アク・にぎ.る,grip; hold; mould sushi; bribe
俊,シュン,sagacious; genius; excellence
渋,ジュウ・シュウ・しぶ・しぶ.い・しぶ.る,astringent; hesitate; reluctant; have diarrhea
銃,ジュウ・つつ,gun; arms
携,ケイ・たずさ.える・たずさ.わる,portable; carry (in hand); armed with; bring along
診,シン・み.る,checkup; seeing; diagnose; examine
託,タク・かこつ.ける・かこ.つ・かこ.つける,consign; requesting; entrusting with; pretend; hint
撮,サツ・と.る・つま.む・~ど.り,snapshot; take pictures
侵,シン・おか.す,encroach; invade; raid; trespass; violate
括,カツ・くく.る,fasten; tie up; arrest; constrict
駆,ク・か.ける・か.る,drive; run; gallop; advance; inspire; impel
透,トウ・す.く・す.かす・す.ける・とう.る・とう.す,transparent; permeate; filter; penetrate
津,シン・つ,haven; port; harbor; ferry
壁,ヘキ・かべ,wall; lining (stomach); fence
稲,トウ・テ・いね・いな~,rice plant
裂,レツ・さ.く・さ.ける・~ぎ.れ,split; rend; tear
敏,ビン・さとい,cleverness; agile; alert
是,ゼ・シ・これ・この・ここ,just so; this; right; justice
排,ハイ,repudiate; exclude; expel; reject; line up; arrange
裕,ユウ,abundant; rich; fertile
堅,ケン・かた.い・~がた.い,strict; hard; solid; tough; tight; reliable
芝,シ・しば,turf; lawn
綱,コウ・つな,hawser; class (genus); rope; cord; cable
扱,ソウ・キュウ・あつか.い・あつか.う・あつか.る・こ.く,handle; entertain; thresh; strip
顧,コ・かえり.みる,look back; review; examine oneself; turn around
訟,ショウ,sue; accuse
戒,カイ・いまし.める,commandment
祉,シ,welfare; happiness
誉,ヨ・ほま.れ・ほ.める,reputation; praise; honor; glory
歓,カン・よろこ.ぶ,delight; joy
勧,カン・ケン・すす.める,persuade; recommend; advise; encourage; offer
騒,ソウ・さわ.ぐ・うれい・さわ.がしい,boisterous; make noise; clamor; disturb; excite
閥,バツ,clique; lineage; pedigree; faction; clan
甲,コウ・カン・きのえ,armor; high (voice); A grade; first class; former; instep; carapace
縄,ジョウ・なわ・ただ.す,straw rope; cord
揺,ヨウ・ゆ.れる・ゆ.る・ゆ.らぐ・ゆ.るぐ・ゆ.する・ゆ.さぶる・ゆ.すぶる・うご.く,swing; shake; sway; rock; tremble; vibrate
免,メン・まぬか.れる・まぬが.れる,excuse; dismissal
既,キ・すで.に,previously; already; long ago
薦,セン・すす.める,recommend; mat; advise; encourage; offer
隣,リン・とな.る・となり,neighboring
華,カ・ケ・はな,splendor; flower; petal; shine; luster; ostentatious; showy; gay; gorgeous
範,ハン,pattern; example; model
隠,イン・オン・かく.す・かく.し・かく.れる・かか.す・よ.る,conceal; hide; cover
哲,テツ・さとい・あきらか,philosophy; clear
杉,サン・すぎ,cedar; cryptomeria
釈,シャク・セキ・とく・す.てる・ゆる.す,explanation
妥,ダ,gentle; peace; depravity
威,イ・おど.す・おど.し・おど.かす,intimidate; dignity; majesty; menace; threaten
豪,ゴウ・えら.い,overpowering; great; powerful; excelling; Australia
熊,ユウ・くま,bear
滞,タイ・テイ・とどこお.る,stagnate; be delayed; overdue; arrears
微,ビ・かす.か,delicate; minuteness; insignificance
隆,リュウ,hump; high; noble; prosperity
症,ショウ,symptoms; illness
暫,ザン・しばら.く,temporarily; a while; moment; long time
肝,カン・きも,liver; pluck; nerve; chutzpah
喚,カン・わめ.く,yell; cry; call; scream; summon
妙,ミョウ・ビョウ・たえ,exquisite; strange; queer; mystery; miracle; excellent; delicate; charming
索,サク,cord; rope; searching; inquiring
襲,シュウ・おそ.う・かさ.ね,attack; advance on; succeed to; pile; heap
懇,コン・ねんご.ろ,sociable; kind; courteous; hospitable; cordial
柄,ヘイ・がら・え・つか,design; pattern; build; nature; character; handle; crank; grip; knob; shaft
驚,キョウ・おどろ.く・おどろ.かす,wonder; be surprised; frightened; amazed
麻,マ・マア・あさ,hemp; flax; numb
剤,ザイ・スイ・セイ・かる・けず.る,dose; medicine; drug
瀬,ライ・せ,rapids; current; torrent; shallows; shoal
趣,シュ・おもむき・おもむ.く,purport; gist; elegance; interest; proceed to; tend; become
陥,カン・おちい.る・おとしい.れる,collapse; fall into; cave in; fall (castle); slide into
斎,サイ・とき・つつし.む・ものいみ・い.む・いわ.う・いつ.く,purification; Buddhist food; room; worship; avoid; alike
貫,カン・つらぬ.く・ぬ.く・ぬき,pierce; 8 1/3lbs; penetrate; brace
仙,セン・セント,hermit; wizard; cent
慰,イ・なぐさ.める・なぐさ.む,consolation; amusement; seduce; cheer; make sport of; comfort; console
旬,ジュン・シュン,decameron; ten-day period; season (for specific products)
兼,ケン・か.ねる・~か.ねる,concurrently; and; beforehand; in advance
旨,シ・むね・うま.い,delicious; relish; show a liking for; purport; will; clever; expert
即,ソク・つ.く・つ.ける・すなわ.ち,instant; namely; as is; conform; agree; adapt
柳,リュウ・やなぎ,willow
偽,ギ・カ・いつわ.る・にせ・いつわ.り,falsehood; lie; deceive; pretend; counterfeit; forgery
較,カク・コウ・くら.べる,contrast; compare
覇,ハ・ハク・はたがしら,hegemony; supremacy; leadership; champion
詳,ショウ・くわ.しい・つまび.らか,detailed; full; minute; accurate; well-informed
抵,テイ,resist; reach; touch
脅,キョウ・おびや.かす・おど.す・おど.かす,threaten; coerce
茂,モ・しげ.る,overgrown; grow thick; be luxuriant
犠,ギ・キ・いけにえ,sacrifice
距,キョ・へだ.たる・けづめ,long-distance; spur; fetlock
雅,ガ・みや.び,gracious; elegant; graceful; refined
飾,ショク・かざ.る・かざ.り,decorate; ornament; adorn; embellish
網,モウ・あみ,netting; network
竜,リュウ・リョウ・ロウ・たつ・いせ,dragon; imperial
繁,ハン・しげ.る・しげ.く,luxuriant; thick; overgrown; frequency; complexity; trouble
翼,ヨク・つばさ,wing; plane; flank
潟,セキ・かた・~がた,lagoon
魅,ミ,fascination; charm; bewitch
嫌,ケン・ゲン・きら.う・きら.い・いや,dislike; detest; hate
斉,セイ・サイ・そろ.う・ひと.しい・ひと.しく・あたる・はやい,adjusted; alike; equal; similar variety of
敷,フ・し.く・~し.き,spread; pave; sit; promulgate
擁,ヨウ,hug; embrace; possess; protect; lead
圏,ケン・かこ.い,sphere; circle; radius; range
罰,バツ・バチ・ハツ・ばっ.する,penalty; punishment
滅,メツ・ほろ.びる・ほろ.ぶ・ほろ.ぼす,destroy; ruin; overthrow; perish
礎,ソ・いしずえ,cornerstone; foundation stone
腐,フ・くさ.る・~くさ.る・くさ.れる・くさ.れ・くさ.らす・くさ.す,rot; decay; sour
脚,キャク・キャ・カク・あし,skids; leg; undercarriage; lower part; base
昭,ショウ,shining; bright
級,キュウ,class; rank; grade
詩,シ・うた,poem; poetry
丁,チョウ・テイ・チン・トウ・チ・ひのと,"street; ward; town; counter for guns, tools, leaves or cakes of something; even number; 4th calendar sign"
豆,トウ・ズ・まめ・まめ~,beans; pea; midget
暑,ショ・あつ.い,sultry; hot; summer heat
帳,チョウ・とばり,notebook; account book; album; curtain; veil; net; tent
羊,ヨウ・ひつじ,sheep
笛,テキ・ふえ,flute; clarinet; pipe; whistle; bagpipe; piccolo
氏,シ・うじ・~うじ,family name; surname; clan
結,ケツ・ケチ・むす.ぶ・ゆ.う・ゆ.わえる,tie; bind; contract; join; organize; do up hair; fasten
案,アン・つくえ,plan; suggestion; draft; ponder; fear; proposition; idea; expectation; worry; table; bench
挙,キョ・あ.げる・あ.がる・こぞ.る,raise; plan; project; behavior; actions
松,ショウ・まつ,pine tree
票,ヒョウ,ballot; label; ticket; sign
器,キ・うつわ,utensil; vessel; receptacle; implement; instrument; ability; container; tool; set
士,シ・さむらい,gentleman; scholar; samurai; samurai radical (no. 33)
健,ケン・すこ.やか,healthy; health; strength; persistence
隊,タイ,regiment; party; company; squad
標,ヒョウ・しるべ・しるし,signpost; seal; mark; stamp; imprint; symbol; emblem; trademark; evidence; souvenir; target
司,シ・つかさど.る,director; official; govt office; rule; administer
康,コウ,ease; peace
紀,キ,chronicle; account; narrative; history; annals; geologic period
博,ハク・バク,Dr.; command; esteem; win acclaim; Ph.D.; exposition; fair
救,キュウ・すく.う,salvation; save; help; rescue; reclaim
功,コウ・ク・いさお,achievement; merits; success; honor; credit
養,ヨウ・リョウ・やしな.う,foster; bring up; rear; develop; nurture
街,ガイ・カイ・まち,boulevard; street; town
節,セツ・セチ・ふし・~ぶし・のっと,node; season; period; occasion; verse; clause; stanza; honor; joint; knuckle; knob; knot; tune; melody
郡,グン・こおり,county; district
典,テン・デン,code; ceremony; law; rule
倉,ソウ・くら,godown; warehouse; storehouse; cellar; treasury
唱,ショウ・とな.える,chant; recite; call upon; yell
旗,キ・はた,national flag; banner; standard
梅,バイ・うめ,plum
牧,ボク・まき,breed; care for; shepherd; feed; pasture
泣,キュウ・な.く,cry; weep; moan
径,ケイ・みち・こみち・さしわたし・ただちに,diameter; path; method
脈,ミャク・すじ,vein; pulse; hope
鏡,キョウ・ケイ・かがみ,mirror; speculum; barrel-head; round rice-cake offering
巣,ソウ・す・す.くう,nest; rookery; hive; cobweb; den
芽,ガ・め,bud; sprout; spear; germ
腸,チョウ・はらわた・わた,intestines; guts; bowels; viscera
統,トウ・す.べる・ほび.る,overall; relationship; ruling; governing
保,ホ・ホウ・たも.つ,protect; guarantee; keep; preserve; sustain; support
基,キ・もと・もとい,fundamentals; radical (chem); counter for machines; foundation
価,カ・ケ・あたい,value; price
提,テイ・チョウ・ダイ・さ.げる,propose; take along; carry in hand
応,オウ・ヨウ・~ノウ・あた.る・まさに・こた.える,apply; answer; yes; OK; reply; accept
検,ケン・しら.べる,examination; investigate
証,ショウ・あかし,evidence; proof; certificate
護,ゴ・まも.る,safeguard; protect
態,タイ・わざ.と,attitude; condition; figure; appearance; voice (of verbs)
条,ジョウ・チョウ・デキ・えだ・すじ,article; clause; item; stripe; streak
幹,カン・みき,tree trunk; main part; talent; capability
独,ドク・トク・ひと.り,single; alone; spontaneously; Germany
率,ソツ・リツ・シュツ・ひき.いる,ratio; rate; proportion; %; factor; lead; spearhead; command
衛,エイ・エ,defense; protection
張,チョウ・は.る・~は.り・~ば.り,lengthen; counter for bows & stringed instruments; stretch; spread; put up (tent)
義,ギ,righteousness; justice; morality; honor; loyalty; meaning
評,ヒョウ,evaluate; criticism; comment
製,セイ,made in...; manufacture
授,ジュ・さず.ける・さず.かる,impart; instruct; grant; confer
修,シュウ・シュ・おさ.める・おさ.まる,discipline; conduct oneself well; study; master
織,ショク・シキ・お.る・お.り・おり・~おり・~お.り,weave; fabric
故,コ・ゆえ・ふる.い・もと,happenstance; especially; intentionally; reason; cause; circumstances; the late; therefore; consequently
弁,ベン・ヘン・かんむり・わきま.える・わ.ける・はなびら・あらそ.う,valve; petal; braid; speech; dialect; discrimination; dispose of; distinguish; conical cap
素,ソ・ス・もと,elementary; principle; naked; uncovered
益,エキ・ヤク・ま.す,benefit; gain; profit; advantage
興,コウ・キョウ・おこ.る・おこ.す,entertain; revive; retrieve; interest; pleasure
志,シ・シリング・こころざ.す・こころざし,intention; plan; resolve; aspire; motive; hopes; shilling
属,ゾク・ショク・さかん・つく・やから,belong; genus; subordinate official; affiliated
災,サイ・わざわ.い,disaster; calamity; woe; curse; evil
銭,セン・ゼン・ぜに・すき,coin; .01 yen; money
謝,シャ・あやま.る,apologize; thank; refuse
仮,カ・ケ・かり・かり~,sham; temporary; interim; assumed (name); informal
賀,ガ,congratulations; joy
徳,トク,benevolence; virtue; goodness; commanding respect
序,ジョ・つい.で・ついで,preface; beginning; order; precedence; occasion; chance; incidentally
舎,シャ・セキ・やど.る,cottage; inn; hut; house; mansion
敵,テキ・かたき・あだ・かな.う,enemy; foe; opponent
酸,サン・す.い,acid; bitterness; sour; tart
桜,オウ・ヨウ・さくら,cherry
句,ク,phrase; clause; sentence; passage; paragraph; counter for haiku
墓,ボ・はか,grave; tomb
飼,シ・か.う,domesticate; raise; keep; feed
恩,オン,grace; kindness; goodness; favor; mercy; blessing; benefit
往,オウ・い.く・いにしえ・さき.に・ゆ.く,journey; travel; chase away; let go; going; before; formerly
肥,ヒ・こ.える・こえ・こ.やす・こ.やし・ふと.る,fertilizer; get fat; fertile; manure; pamper
俵,ヒョウ・たわら,bag; bale; sack; counter for bags
眼,ガン・ゲン・まなこ・め,eyeball
潔,ケツ・いさぎよ.い,undefiled; pure; clean; righteous; gallant
舌,ゼツ・した,tongue; reed; clapper
派,ハ,faction; group; party; clique; sect; school
策,サク,scheme; plan; policy; step; means
矢,シ・や,dart; arrow
刀,トウ・かたな・そり,sword; saber; knife
弓,キュウ・ゆみ,"bow; bow (archery, violin)"
汽,キ,vapor; steam
第,ダイ・テイ,No.; residence
宮,キュウ・グウ・ク・クウ・みや,Shinto shrine; constellations; palace; princess
整,セイ・ととの.える・ととの.う,organize; arranging; tune; tone; meter; key (music)
